имя,язык
Acapella,en
Achilles,en
Adriana,en
Alpha,en
Alyssum,en
Amaranthus,en
Amaretto,en
Amaryllis,en
Amiga,en
Andromache,en
Andromeda,en
You,en
Sweet,en
Anemone,en
Anise,en
Aphrodite,en
Apollo,en
Aragon,en
Ares,en
Ariel,en
Arista,en
Armani,en
Artemis,en
Arthur,en
Aster,en
Athena,en
Atlas,en
Azelea,en
Baby,en
Babycakes,en
Bacchus,en
Balthasar,en
Bambi,en
Bandit,en
Banjo,en
Bardolph,en
Basil,en
Begonia,en
Bella,en
Bilbo,en
Bingo,en
Bishop,en
Bitty,en
Blaze,en
Blinkie,en
Blossom,en
Bluebell,en
Boatswain,en
Boomer,en
Boss,en
Bouncer,en
Bowtie,en
Bowtruckle,en
Boxer,en
Breeze,en
Eyes,en
Brimstone,en
Brioche,en
Brittle,en
Brownie,en
Buck,en
Buddy,en
Bugsy,en
Bundt,en
Buttercup,en
Button,en
Cadbury,en
Caesar,en
Calendula,en
Calla,en
Calliope,en
Calypso,en
Camelot,en
Candy,en
Canna,en
Cappuccino,en
Captain,en
Caramel,en
Caraway,en
Cardamom,en
Carnation,en
Castor,en
Catnip,en
Cato,en
Centari,en
Meow,en
Champ,en
Chance,en
Chanel,en
Chaplin,en
Chappie,en
Charlemagne,en
Cheetah,en
Cherub,en
Chervil,en
Chewy,en
Chica,en
Chickory,en
Chiffon,en
Chili,en
Chipper,en
Chives,en
Chorus,en
Chrysanthemum,en
Cimarron,en
Cinnabar,en
Circe,en
Clawed,en
Clematis,en
Clementine,en
Clover,en
Comet,en
Coco,en
Cookie,en
Coreopsis,en
Coriander,en
Cosmos,en
Courage,en
Cressida,en
Croissant,en
Cronut,en
Crookshanks,en
Cupcake,en
Cupid,en
Daffodil,en
Dagger,en
Dagwood,en
Dahlia,en
Dali,en
Daisy,en
Dancer,en
Dandelion,en
Dandy,en
Daphne,en
Darling,en
Delicata,en
Delecta,en
Delilah,en
Demetrius,en
Destiny,en
Dianthus,en
Dixie,en
Doodle,en
Donut,en
Doxy,en
Dreamer,en
Drummer,en
Duchess,en
Dumbledore,en
Ebenezer,en
Echo,en
Elf,en
Gato,en
Elle,en
Ely,en
Eyes,en
Empanada,en
Enigma,en
Eros,en
Espresso,en
Esprit,en
Ezmerelda,en
Fabian,en
Fairy,en
Falcon,en
Falstaff,en
Fantasy,en
Felicity,en
Felina,en
Felix,en
Fellah,en
Ferdinand,en
Ferrari,en
Fiddler,en
Fiesty,en
Firecracker,en
Firefly,en
Fisher,en
Fleet,en
Flop,en
Florence,en
Flossie,en
Flower,en
Flurry,en
Forsythia,en
Foxglove,en
Foxtail,en
Foxtrot,en
Frangipani,en
Friskie,en
Frodo,en
Frolic,en
Fruitcake,en
Fudge,en
Galahad,en
Gambler,en
Gangsta,en
Gardenia,en
Geisha,en
Geranium,en
Gertrude,en
Gin,en
Giorgio,en
Gladiolus,en
Gobbo,en
Godiva,en
Goodfellow,en
Grenadine,en
Gucci,en
Guildenstern,en
Guinevere,en
Guinness,en
GummiBear,en
Habanero,en
Hagrid,en
Harley,en
Hawthorn,en
Hector,en
Heliotrope,en
Hero,en
Hershey,en
Hibiscus,en
Hobbit,en
Hollyhock,en
Homie,en
Honeysuckle,en
Hootie,en
Hope,en
Horatio,en
Hotspur,en
Houdini,en
Howdy,en
Howler,en
Hunter,en
Hyacinth,en
Hydrangea,en
Iago,en
Impatiens,en
Icarus,en
Ingot,en
Iris,en
Isabel,en
Jade,en
Jaguar,en
Jam,en
Jambalaya,en
Jazz,en
Jewel,en
Jingles,en
Journey,en
Joy,en
Juicy,en
Juliette,en
Jumper,en
Juniper,en
Juno,en
Katarina,en
Katze,en
Kermit,en
King,en
Kit,en
KitKat,en
Kneazle,en
Knight,en
Kringle,en
Kuchen,en
Kudos,en
Kudzu,en
Lace,en
Ladybug,en
Laertes,en
Lark,en
Larkspur,en
Ladyfinger,en
Lancelot,en
Lantana,en
Latte,en
Lavender,en
Layla,en
Lavinia,en
Lear,en
LeBeau,en
Leo,en
Leonardo,en
Leonine,en
Lightfoot,en
Lilac,en
Loki,en
Lotus,en
Lucky,en
Lupin,en
Lyric,en
Lynx,en
Lysander,en
Macaroni,en
Macaroon,en
Mae,en
Malvolio,en
Mandevilla,en
Maple,en
Marzipan,en
Meadow,en
Melody,en
Menelaus,en
Mercedes,en
Mercutio,en
Merlin,en
Mimosa,en
Minerva,en
Minx,en
Miranda,en
Mistress,en
Mittens,en
Moonflower,en
Moonshine,en
Morpheus,en
Muffin,en
Muggles,en
Muse,en
Music,en
Myrtle,en
Mystery,en
Nala,en
Napoleon,en
Napper,en
Narcissus,en
Nasturtium,en
Nell,en
Neptune,en
Nestor,en
Niffler,en
Nike,en
Nirvana,en
Noel,en
Noodle,en
Norfolk,en
Nutmeg,en
Nym,en
Nyx,en
Oberon,en
Odin,en
Oleander,en
Oliver,en
Olivia,en
Malley,en
Opera,en
Ophelia,en
Oregano,en
Orion,en
Orpheus,en
Oswald,en
Pal,en
Pan,en
Paris,en
Parsley,en
Parsnip,en
Pastel,en
Patience,en
Patroclus,en
Peony,en
Peppermint,en
Pepperoni,en
Percy,en
Pericles,en
Periwinkle,en
Persephone,en
Petruchio,en
Petunia,en
Pez,en
Phoenix,en
Philo,en
Pickle,en
Pinky,en
Pip,en
Pistol,en
Pixie,en
Player,en
Pluto,en
Poem,en
Pollux,en
Polonius,en
Poppy,en
Popsicle,en
Poptart,en
Potpan,en
Potter,en
Pouncer,en
Prancer,en
Pretzel,en
Primrose,en
Princess,en
Prissy,en
Prospero,en
Prowler,en
Puck,en
Puff,en
Purslane,en
Python,en
Queenie,en
Quince,en
Raffaello,en
Rambler,en
Rasputin,en
Reesecup,en
Regan,en
Rimfire,en
Rinaldo,en
Ringo,en
Ripper,en
River,en
Rollo,en
Roman,en
Romeo,en
Rootbeer,en
Rosalind,en
Rose,en
Rosebud,en
Rosemary,en
Rosencrantz,en
Rounder,en
Roxy,en
Ruby,en
Rugby,en
Rumbler,en
Ryder,en
Saber,en
Sable,en
Saffron,en
Sage,en
Salisbury,en
Salsa,en
Samantha,en
Sapphire,en
Sarge,en
Sassafras,en
Sassy,en
Satin,en
Savage,en
Scarlett,en
Scout,en
Scrappy,en
Sebastian,en
Sesame,en
Shadowfax,en
Shasta,en
Sheba,en
Sherlock,en
Shimmer,en
Shine,en
Silk,en
Silvius,en
Simba,en
Sinatra,en
Skittles,en
Sky,en
Skywalker,en
Slasher,en
Sleuth,en
Slipper,en
Smartie,en
Snapdragon,en
Snickerdoodle,en
Sniper,en
Sparkles,en
Spice,en
Spinner,en
Spitfire,en
Socks,en
Somerset,en
Sparrow,en
Speed,en
Springer,en
Spunky,en
Stalker,en
Stephano,en
Stingray,en
Stripe,en
Studebaker,en
Sultana,en
Sundance,en
Sunflower,en
Sunny,en
Sushi,en
Sweetpea,en
Swifty,en
Taffy,en
Tamora,en
Tango,en
Tanzy,en
Tarragon,en
Tarzan,en
Tazz,en
Teacake,en
Teeny,en
Tenacious,en
Theseus,en
Thor,en
Thorne,en
Thyme,en
Timon,en
Tinkerbell,en
Tiny,en
Titania,en
Titus,en
Toonces,en
Tootsie,en
Touchstone,en
Topper,en
Tornado,en
Torte,en
Tortilla,en
Toulouse,en
Tsunami,en
Tracker,en
Traveller,en
Trixie,en
Troilus,en
Troll,en
Trolli,en
Trooper,en
Truffle,en
Tulip,en
Tumbler,en
Tumbleweed,en
Tweed,en
Twinkle,en
Twister,en
Twix,en
Twizzler,en
Tybalt,en
Ulysses,en
Valentine,en
Valentino,en
Valeria,en
Varro,en
Venus,en
Verbena,en
Vernon,en
Vesta,en
Victory,en
Vincentio,en
Vintner,en
Viola,en
Waffle,en
Wasabi,en
Westminster,en
Whimsy,en
Whirlwind,en
Whiskers,en
Whisper,en
Willow,en
Winchester,en
Windsong,en
Windsor,en
Windwalker,en
Winkie,en
Winnie,en
Wizard,en
Yoda,en
Yorick,en
Xanadu,en
Zabala,en
Zelda,en
Zephyr,en
Zeus,en
Zinnia,en
Photoxpress,en
Cats,en
Beauty,en
Blackbeard,en
Blackberry,en
Blackjack,en
Boo,en
Buzzard,en
Cash,en
Cauldron,en
Charcoal,en
Clove,en
Cobra,en
Coffee,en
Cola,en
Crow,en
Devil,en
Diablo,en
Diesel,en
Ebony,en
Eclipse,en
Fury,en
Gunpowder,en
Gremlin,en
Hades,en
Hagatha,en
Inky,en
Java,en
Jet,en
Jinx,en
Kettle,en
Lava,en
Licorice,en
Lucifer,en
Magic,en
Mamba,en
Mars,en
Midnight,en
Molasses,en
Morgana,en
Necromancer,en
Ninja,en
Noir,en
Obsidian,en
Onyx,en
Panther,en
Pepper,en
Phantom,en
Pirate,en
Raisin,en
Raven,en
Salem,en
Scorpion,en
Shadow,en
Shady,en
Shylock,en
Skillet,en
Sorcerer,en
Spade,en
Specter,en
Spellbinder,en
Spider,en
Spooky,en
Vader,en
Vampire,en
Velvet,en
Viper,en
Vlad,en
Voodoo,en
Warlock,en
Poo,en
Zorro,en
Abee,en
Cat,en
Ajax,en
Alabaster,en
Alaska,en
Arctic,en
Bianca,en
Blanca,en
Blanche,en
Blizzard,en
Buttermilk,en
Camellia,en
Casper,en
Chablis,en
Champagne,en
Chardonnay,en
Charmin,en
Christmas,en
Cloud,en
Coconut,en
CoolWhip,en
Cotton,en
Cream,en
Crisco,en
Diamond,en
Fairbanks,en
Firethorn,en
Flint,en
Frosty,en
Ice,en
Galaxy,en
Glacier,en
Icicle,en
Ivory,en
Jasmine,en
Lightning,en
Lily,en
Linen,en
Magnolia,en
Marsanne,en
Marshmallow,en
Milkyway,en
Moscato,en
Opal,en
Orchid,en
Pearl,en
Phlox,en
Popcorn,en
Polar,en
Powder,en
Quartz,en
Riesling,en
Roussanne,en
Snowdrop,en
Snowflake,en
Sprite,en
Star,en
Sugar,en
Talc,en
Tater,en
Titanium,en
Tundra,en
Vanilla,en
Winter,en
Yukon,en
com,en
Cats,en
Alf,en
Amber,en
Ameranca,en
Apricot,en
Aubrey,en
Auburn,en
Aurum,en
Autumn,en
Boomerang,en
Bourbon,en
Brandy,en
Butterfinger,en
Butterscotch,en
Cayenne,en
Cheddar,en
Cinnamon,en
Cognac,en
Cointreau,en
Copper,en
Cornbread,en
Cornflake,en
Creamsicle,en
Crush,en
Dawn,en
Dorado,en
Ember,en
Fatourada,en
Flame,en
Garfield,en
Ginger,en
Gingerbread,en
Goldenrod,en
Goldie,en
Henna,en
Hennessy,en
Hesperidina,en
Honey,en
Honeybun,en
Julius,en
Lemondrop,en
Marigold,en
Marmalade,en
Marnier,en
Morris,en
Mustard,en
Nugget,en
Orangina,en
Paprika,en
Peaches,en
Penny,en
Pumpkin,en
Ruddy,en
Satsuma,en
Screwdriver,en
Sierra,en
Sundrop,en
Sunrise,en
Sunset,en
Tangerine,en
Thomasina,en
Tigger,en
Tigress,en
Toffee,en
Topaz,en
Whiskey,en
Wildfire,en
Abee,en
Cat,en
Ashes,en
Ashley,en
Blue,en
Castle,en
Dove,en
Dusty,en
Grey,en
Eve,en
Flannel,en
Flipper,en
Fog,en
Gandalf,en
Grady,en
Granite,en
Greyfield,en
Greystoke,en
Gris,en
Gunsmoke,en
Haze,en
Hermes,en
Ironman,en
Grey,en
London,en
Melancholy,en
Mercury,en
Mica,en
Misty,en
Mouse,en
Pewter,en
Possum,en
Rain,en
Rocky,en
Sharkie,en
Silver,en
Slate,en
Smoky,en
Spirit,en
Steel,en
Sterling,en
Stone,en
Stormy,en
Photoxpress,en
Names,en
Bozo,en
Cali,en
Checkers,en
Collage,en
Foxy,en
Halloween,en
Hobo,en
Jester,en
Joker,en
Kaleidoscope,en
Marbles,en
Motley,en
Nemo,en
Oriole,en
Pansy,en
Patches,en
Picasso,en
Ragamuffin,en
Rags,en
Riddle,en
Robin,en
Rufus,en
Scruffy,en
Spumoni,en
Towhee,en
Vixen,en
Warbler,en
Abee,en
Kitties,en
Badger,en
ter,en
Chickadee,en
Domino,en
Figaro,en
Flicker,en
Harlequin,en
Magpie,en
Orca,en
Oreo,en
Othello,en
Panda,en
Parti,en
Penquin,en
Pew,en
Phoebe,en
Piano,en
Piper,en
Pinto,en
Roulette,en
Skunk,en
Sylvester,en
Tuxedo,en
Yinyang,en
Zebra,en
Photoxpress,en
Felines,en
Andaman,en
Asia,en
Bangkok,en
Biscuit,en
Blondie,en
Bootsie,en
Buffy,en
Burlap,en
Caramac,en
Chai,en
Chonburi,en
Curry,en
Dharma,en
Dune,en
Isan,en
Kai,en
Khaki,en
Luna,en
Mekong,en
Ming,en
Moonbeam,en
Mozzarella,en
Parchment,en
Khun,en
Phuket,en
Rama,en
Sandy,en
Sanphet,en
Seal,en
Siam,en
Simon,en
Suede,en
Taksin,en
Tapi,en
Taupe,en
Tawny,en
Thai,en
Toast,en
Trang,en
Yala,en
Abee,en
Names,en
Augusta,en
Aurora,en
Bangor,en
Bear,en
Bradley,en
Bruiser,en
Brutus,en
Bull,en
Byron,en
Cadillac,en
Carmel,en
Dexter,en
Emcee,en
Giant,en
Goliath,en
Hanover,en
Hefty,en
Hulk,en
Hummer,en
Jupiter,en
Kennebunk,en
Kittery,en
Kong,en
Lowell,en
Maximus,en
Milo,en
Moose,en
Biggs,en
Otis,en
Ox,en
Porter,en
Portland,en
Samson,en
Sherman,en
Stetson,en
Sullivan,en
Tank,en
Teamster,en
Titan,en
Rex,en
Troy,en
Volumnia,en
Volumnius,en
Wells,en
Winslow,en
Photoxpress,en
Names,en
Bling,en
Brulee,en
Churchill,en
Downy,en
Fancy,en
Fluffernut,en
Tuffy,en
Frills,en
Furball,en
Fuzzy,en
Gizmo,en
Glitz,en
Glory,en
Grumpy,en
Lagerfeld,en
Luscious,en
Mogwai,en
Oscar,en
Plume,en
Porsche,en
Puffball,en
Ritzie,en
Rolex,en
Royce,en
Ruffles,en
Shaggy,en
Walter,en
Cats,en
Abbi,en
Africa,en
Alexandra,en
Ammu,en
Berenice,en
Cairo,en
Cleopatra,en
Darius,en
Egypt,en
Ethiopia,en
Huni,en
Izi,en
Khaba,en
Khasti,en
Khendu,en
Nebra,en
Nefertiti,en
Nikare,en
Nile,en
Osiris,en
Pepi,en
Pharaoh,en
Ra,en
Ramesses,en
Sahara,en
Seth,en
Shabaka,en
Shemai,en
Sheshi,en
Sphinx,en
Tantamani,en
Tao,en
Teti,en
Tut,en
Tutu,en
Wazner,en
Xerxes,en
com,en
Names,en
Baklava,en
Banitsa,en
Bebe,en
Beignet,en
Blithe,en
Bubblegum,en
Bunny,en
Cannoli,en
Chiller,en
Chrystal,en
Crepes,en
Cuddles,en
Custard,en
Dolly,en
Dulce,en
Eclair,en
Flopsy,en
Fondant,en
Galette,en
Gumdrop,en
Happy,en
Kissie,en
Lambie,en
Lollipop,en
Lovie,en
Merry,en
Moppy,en
Parfait,en
Pebbles,en
Four,en
Ann,en
Shortcake,en
Snuggles,en
Streusel,en
Strudel,en
Sugarplum,en
Sweetheart,en
Sweetie,en
Turbinado,en
com,en
Cats,en
Aberdeen,en
Alastair,en
Angus,en
Annabel,en
Armstrong,en
Bagpipe,en
Blair,en
Bonnie,en
Braveheart,en
Brodric,en
Bruce,en
Caledonia,en
Campbell,en
Cameron,en
Davina,en
Dunbar,en
Duncan,en
Dundee,en
Fiona,en
Fife,en
Gaven,en
Glasgow,en
Gordon,en
Hadrian,en
Hamilton,en
Heather,en
Hebrides,en
Highlander,en
Ivanhoe,en
Kendrew,en
Kenna,en
Kilbride,en
Kilpatrick,en
Laddie,en
Lassie,en
Lennox,en
Livingston,en
Lomond,en
MacBeth,en
MacDonald,en
MacDuff,en
Malcolm,en
Maisie,en
Merrick,en
Murdock,en
Murray,en
Nessie,en
Orkney,en
Paisley,en
Reid,en
Roy,en
Rory,en
Ross,en
Scott,en
Seyton,en
Siward,en
Solway,en
Stewart,en
Tavis,en
Thistle,en
Wallace,en
Ася,rus
Алиса,rus
Анфиса,rus
Аврора,rus
Адель,rus
Аська,rus
Алиска,rus
Афина,rus
Айси,rus
Анфиска,rus
Альфа,rus
Агнес,rus
Агата,rus
Алекса,rus
Афродита,rus
Аирэн,rus
Амурка,rus
Абби,rus
Апельсинка,rus
Амели,rus
Аиша,rus
Аля,rus
Амура,rus
Амелия,rus
Ангел,rus
Адэль,rus
Айви,rus
Алиша,rus
Алисия,rus
Арси,rus
Агнесса,rus
Ассоль,rus
Ариша,rus
Ариэль,rus
Айс,rus
Ада,rus
Айви ,rus
Акси,rus
Агнесс,rus
Аделина,rus
Астра,rus
Айрис,rus
Аделла,rus
Ария,rus
Апрелька,rus
Айза,rus
Абигель,rus
Аделия,rus
Алис,rus
Абель,rus
Альма,rus
Аманда,rus
Аника,rus
Айа,rus
Анабелла,rus
Агуша,rus
Аляска,rus
Амина,rus
Анабель,rus
Асечка,rus
Ави,rus
Альба,rus
Ами,rus
Бaгирa,rus
Боня,rus
Буся,rus
Бусинка,rus
Бася,rus
Багира,rus
Бони,rus
Бонька,rus
Багирка,rus
Буська,rus
Белла,rus
Бэтти,rus
Белка,rus
Бесси,rus
Бэлла,rus
Бастет,rus
Баста,rus
Бонита,rus
Белочка,rus
Барси,rus
Баунти,rus
Бела,rus
Бусёнка,rus
Бося,rus
Бонни,rus
Барселона,rus
Баффи,rus
Баська,rus
Бакси,rus
Бети,rus
Багирочка,rus
Бэсси,rus
Бетти,rus
Бетси,rus
Бейлиз,rus
Барби,rus
Бритни,rus
Барса,rus
Блэсс,rus
Барбариска,rus
Бекки,rus
Беллатриса,rus
Берта,rus
Бимо,rus
Барся,rus
Бусина,rus
Беатрисия,rus
Бриттани,rus
Биотрисса,rus
Бель,rus
Барселина,rus
Бизу,rus
Белль,rus
Багги,rus
Байра,rus
Басси,rus
Белисса,rus
Белоснежка,rus
Брэнди,rus
Баги,rus
Бастэт,rus
Булочка,rus
Бусёна,rus
Барбара,rus
Беатрис,rus
Брошка,rus
Бугати,rus
Бади,rus
Батишта,rus
Бейлис,rus
Белолапка,rus
Белька,rus
Блёстка,rus
Бусика,rus
Бусинда,rus
Бусяня,rus
Барсинка,rus
Басяня,rus
Бейси,rus
Василиса,rus
Виски,rus
Варя,rus
Варька,rus
Васелиса,rus
Веста,rus
Вики,rus
Ванесса,rus
Вишенка,rus
Виктория,rus
Варвара,rus
Венера,rus
Ванеса,rus
Ватрушка,rus
Веснушка,rus
Венди,rus
Викки,rus
Варежка,rus
Викси,rus
Виола,rus
Виолетта,rus
Вита,rus
Ванилька,rus
Вивьен,rus
Васёна,rus
Влада,rus
Ваниль,rus
Вейси,rus
Виоллета,rus
Вайлет,rus
Вида,rus
Валькирия,rus
Варюшка,rus
Васелина,rus
Виолла,rus
Виска,rus
Веся,rus
Вирджиния,rus
Вспышка,rus
Вафля,rus
Виктори,rus
Винера,rus
Валета,rus
Ванда,rus
Вероника,rus
Вета,rus
Виста,rus
Вишня,rus
Василина,rus
Велла,rus
Герда,rus
Гера,rus
Грейс,rus
Глаша,rus
Грэйс,rus
Габби,rus
Грета,rus
Гав,rus
Гайка,rus
Габриэлла,rus
Габриэль,rus
Гермиона,rus
Глория,rus
Гата,rus
Грейси,rus
Габи,rus
Глафира,rus
Геля,rus
Графиня,rus
Грэтта,rus
Грация,rus
Груня,rus
Грей,rus
Габрина,rus
Гренка,rus
Гайя,rus
Гала,rus
Геката,rus
Голубоглазка,rus
Голубушка,rus
Гаечка,rus
Гиза,rus
Голди,rus
Гравицапа,rus
Графиня Вишенка,rus
Грэси,rus
Галатея,rus
Гармония,rus
Герцогиня,rus
Гира,rus
Гитта,rus
Готика,rus
Гратта,rus
Гуччи,rus
Гамма,rus
Геба,rus
Гелия,rus
Гелла,rus
Герта,rus
Гресси,rus
Грэйя,rus
Гарсия,rus
Джеси,rus
Дымка,rus
Джесси,rus
Дуся,rus
Джессика,rus
Даша,rus
Дарси,rus
Дуська,rus
Дана,rus
Дуня,rus
Джэси,rus
Дейзи,rus
Диана,rus
Джесс,rus
Дыма,rus
Дымочка,rus
Джина,rus
Дакота,rus
Дина,rus
Дэйзи,rus
Джесика,rus
Дарина,rus
Джульетта,rus
Дафна,rus
Даффи,rus
Джес,rus
Дося,rus
Дасти,rus
Дася,rus
Десси,rus
Дуняша,rus
Дарья,rus
Джуля,rus
Долька,rus
Дэя,rus
Джейси,rus
Дженни,rus
Джозефина,rus
Джуди,rus
Доча,rus
Дария,rus
Доминика,rus
Дарёна,rus
Даря,rus
Дакки,rus
Дези,rus
Дейла,rus
Дейси,rus
Джули,rus
Дикси,rus
Доня,rus
Дафни,rus
Динь,rus
Даська,rus
Дынька,rus
Даниэль,rus
Деми Мурка,rus
Джаззи,rus
Джулия,rus
Дива,rus
Дипси,rus
Дэйла,rus
Дюся,rus
Джейн,rus
Джеми,rus
Джени,rus
Дженифер,rus
Джеска,rus
Джолли,rus
Доля,rus
Дора,rus
Дульсинея,rus
Дусильнея,rus
Душка,rus
Дэзи,rus
Дайна,rus
Далина,rus
Данелия,rus
Дели,rus
Демми,rus
Деська,rus
Джелика,rus
Джинджер,rus
Ева,rus
Елис,rus
Ежевика,rus
Еська,rus
Елка,rus
Ежевичка,rus
Евгеша,rus
Ева ля Мур,rus
Есения,rus
Евгешка,rus
Емили,rus
Ешка,rus
Евра,rus
Еня,rus
Елизавета,rus
Енка,rus
Ежиния,rus
Еванжелина,rus
Ема,rus
Емочка,rus
Евелиса,rus
Ероша,rus
Ефросинья,rus
Жужа,rus
Жемчужина,rus
Жу-жа,rus
Жанет,rus
Жозефина,rus
Жульетта,rus
Жасмин,rus
Жемчужинка,rus
Жизель,rus
Жуля,rus
Жюли,rus
Жози,rus
Жужжа,rus
Жозетта,rus
Жеси,rus
Жюльетта,rus
Жаклин,rus
Женевьева,rus
Жужу,rus
Жасминика,rus
Жоси,rus
Жулька,rus
Жоли,rus
Жужука,rus
Желька,rus
Жеманти,rus
Желла,rus
Жоанна,rus
Жузиа,rus
Жулиана,rus
Жади,rus
Жанэт,rus
Женева,rus
Жесика,rus
Жракалка,rus
Зефирка,rus
Зося,rus
Зайка,rus
Злата,rus
Забава,rus
Звездочка,rus
Зая,rus
Загадка,rus
Зара,rus
Зарина,rus
Зойка,rus
Зоя,rus
Зефира,rus
Зига,rus
Зюзя,rus
Зафира,rus
Зена,rus
Затея,rus
Зимушка,rus
Зум-Зум,rus
Завалюша,rus
Засранка,rus
Земфира,rus
Зимка,rus
Зина,rus
Зита,rus
Золушка,rus
Заби,rus
Заза,rus
Зетти,rus
Зима,rus
Зира,rus
Зюша,rus
Забела,rus
Зальяна,rus
Звёздный Луч,rus
Зельда,rus
Зента,rus
Зигма,rus
Зирка,rus
Зирочка,rus
Златовласка,rus
Золотинка,rus
Зора,rus
Завади,rus
Заринка,rus
Зафина,rus
Иди жрать,rus
Ириска,rus
Изабелла,rus
Изабель,rus
Изи,rus
Ириса,rus
Искорка,rus
Изюминка,rus
Искра,rus
Ися,rus
Ирис,rus
Ирма,rus
Искринка,rus
Иветта,rus
Иззи,rus
Ирианна,rus
Ичи,rus
Ива,rus
Инга,rus
Иви,rus
Изольда,rus
Иллиана,rus
Инора,rus
Иоланта,rus
Иллада,rus
Ишка,rus
Иштар,rus
Июлька,rus
Ивета,rus
Ивона,rus
Изюша,rus
Икки,rus
Илька,rus
Инь,rus
Ирисик,rus
Исида,rus
Ида,rus
Иджи,rus
Илона,rus
Индиана,rus
Исабелла,rus
Иска,rus
Ифа,rus
Ия,rus
Игруля,rus
Изуми,rus
Илиска,rus
Империя,rus
Инари,rus
Инди,rus
Иона,rus
Ирви,rus
Ирюша,rus
Кудабля,rus
Карамелька,rus
Клеопатра,rus
Клёпа,rus
Кесси,rus
Кити,rus
Кнопа,rus
Китти,rus
Киса,rus
Кира,rus
Кнопка,rus
Кася,rus
Кейси,rus
Клео,rus
Катя,rus
Кетти,rus
Ксюшка,rus
Кэт,rus
Касандра,rus
Кэтти,rus
Кэсси,rus
Ксюша,rus
Калипсо,rus
Кети,rus
Кайра,rus
Кейт,rus
Кэтрин,rus
Киара,rus
Касси,rus
Кристи,rus
Куся,rus
Кнопочка,rus
Калипса,rus
Капелька,rus
Крис,rus
Кэтси,rus
Киви,rus
Кора,rus
Кроха,rus
Кассиопея,rus
Клякса,rus
Кэти,rus
Кайла,rus
Кассандра,rus
Конфетка,rus
Каролина,rus
Куська,rus
Камелия,rus
Корица,rus
Касся,rus
Крошка,rus
Камилка,rus
Кисуня,rus
Коко Шанель,rus
Красуля,rus
Кристина,rus
Коко,rus
Кокси,rus
Котори,rus
Крейзи,rus
Кинко,rus
Катико,rus
Китя,rus
Клементина,rus
Капля,rus
Кирюша,rus
Котти,rus
Кукуся,rus
Кет,rus
Кетрин,rus
Клеочедриссия Ивановна,rus
Кэрри,rus
Каира,rus
Касуми,rus
Лаки,rus
Лиза,rus
Люся,rus
Лилу,rus
Ляля,rus
Линда,rus
Лекси,rus
Люська,rus
Ласка,rus
Луна,rus
Лапка,rus
Ли-Ли,rus
Лана,rus
Лиса,rus
Лола,rus
Леся,rus
Лекса,rus
Люси,rus
Лили,rus
Лапуся,rus
Лея,rus
Лила,rus
Лисса,rus
Лаура,rus
Лизка,rus
Леля,rus
Лика,rus
Лапочка,rus
Лада,rus
Леста,rus
Лина,rus
Леди,rus
Лия,rus
Лайза,rus
Лора,rus
Лилия,rus
Лиля,rus
Луша,rus
Локки,rus
Лу-лу,rus
Лялька,rus
Лайли,rus
Лапа,rus
Лиска,rus
Листвичка,rus
Лоя,rus
Лулу,rus
Лэсси,rus
Лаванда,rus
Лизи,rus
Лира,rus
Ланочка,rus
Лилит,rus
Люсия,rus
Люсьена,rus
Лютик,rus
Лайма,rus
Ланесса,rus
Лара,rus
Лила,rus
Лакомка,rus
Луиза,rus
Лило,rus
Ля Мур,rus
Лайла,rus
Лики,rus
Лисенок,rus
Лесси,rus
Лэйси,rus
Лапуля,rus
Ларси,rus
Лиана,rus
Люсик,rus
Латифа,rus
Леська,rus
Лизетта,rus
Лисси,rus
Лэйла,rus
Люсиль,rus
Лакоста,rus
Лейси,rus
Лети,rus
Лизавета,rus
Линси,rus
Лисичка,rus
Легенда,rus
Лиара,rus
Лилька,rus
Люсинда,rus
Люцифия,rus
Латина,rus
Лейла,rus
Лемура,rus
Леонсия,rus
Львёна,rus
Лапуша,rus
Лапушка,rus
Леа,rus
Леди Блэйк,rus
Лека,rus
Леонора,rus
Лима,rus
Лимка,rus
Лимонка,rus
Лакиша,rus
Ланда,rus
Латоя,rus
Муся,rus
Мурка,rus
Мася,rus
Мaнюня,rus
Муська,rus
Милка,rus
Масяня,rus
Матильда,rus
Маркиза,rus
Маруся,rus
Маня,rus
Марта,rus
Марго,rus
Мышка,rus
Мура,rus
Мила,rus
Мотя,rus
Маргоша,rus
Майя,rus
Масянька,rus
Мелисса,rus
Маська,rus
Моника,rus
Моня,rus
Маруська,rus
Марси,rus
Мишель,rus
Майа,rus
Микки,rus
Мика,rus
Мурлин Мурло,rus
Мия,rus
Мусенька,rus
Мальта,rus
Мелиса,rus
Мая,rus
Мики,rus
Мэри,rus
Муся Александровна,rus
Мира,rus
Машка,rus
Мята,rus
Муха,rus
Манюня,rus
Муза,rus
Муля,rus
Мэгги,rus
Маняшка,rus
Мaсяндра,rus
Милли,rus
Майли,rus
Миа,rus
Моли,rus
Мурра,rus
Маняша,rus
Масюня,rus
Мурочка,rus
Матильда Барсиковна,rus
Малышка,rus
Меллиса,rus
Мона,rus
Мосся,rus
Монечка,rus
Малибу,rus
Мусик,rus
Мерлин,rus
Маргарита,rus
Маргаритка,rus
Мегги,rus
Мурзя,rus
Мэрлин,rus
Мими,rus
Мурёна,rus
Мурыся,rus
Мэги,rus
Мэрри,rus
Масик,rus
Мотильда,rus
Мартина,rus
Милашка,rus
Миледи,rus
Миллиса,rus
Миса,rus
Молли,rus
Маиса,rus
Майла,rus
Мерри,rus
Матильда Степановна,rus
Милана,rus
Мушка,rus
Макси,rus
Марфуша,rus
Милена,rus
Марихуана,rus
Милисса,rus
Мурашка,rus
Мэрилин,rus
Мара,rus
Марфа,rus
Масяшка,rus
Мелоди,rus
Мисти,rus
Мурзилка,rus
Мурфета,rus
Мягколапка,rus
Мяука,rus
Мариса,rus
Мери,rus
Милочка,rus
Монро,rus
Маха,rus
Месси,rus
Милиса,rus
Мирана,rus
Мисси,rus
Миссис Норрис,rus
Мяуси,rus
Мяуша,rus
Мадлен,rus
Мария Мирабелла,rus
Марсела,rus
Марся,rus
Матрёшка,rus
Мелли,rus
Милаша,rus
Мирра,rus
Мистик,rus
Мицца,rus
Мадара,rus
Майра,rus
Мальвина,rus
Мари,rus
Маришка,rus
Милки,rus
Миу,rus
Нюша,rus
Ника,rus
Няшка,rus
Несси,rus
Нора,rus
Николь,rus
Ночка,rus
Нюся,rus
Ненси,rus
Нокс,rus
Нафаня,rus
Никки,rus
Нежка,rus
Нэнси,rus
Настя,rus
Нирвана,rus
Найси,rus
Надин,rus
Нуся,rus
Нюра,rus
Нюська,rus
Нюшечка,rus
Наоми,rus
Неко,rus
Нефертити,rus
Нори,rus
Нала,rus
Нелли,rus
Нюрка,rus
Нимфа,rus
Норра,rus
Нэко-тян,rus
Нэси,rus
Нюшенька,rus
Нифертити,rus
Ночная Звезда,rus
Неженка,rus
Нюта,rus
Нинель,rus
Ниагара,rus
Нямка,rus
Нати,rus
Нави,rus
Наська,rus
Незабудка,rus
Нейлин,rus
Неко-мими,rus
Нерисса,rus
Неся,rus
Нигга,rus
Нури,rus
Няма,rus
Найла,rus
Несли,rus
Нукси,rus
Нани,rus
Наэми,rus
Невада,rus
Нила,rus
Нона,rus
Нэко,rus
Нэлси,rus
Нэся,rus
Нaйтири,rus
Нара,rus
Ная,rus
Нея,rus
Ниси,rus
Ницца,rus
Нола,rus
Нолли,rus
Норка,rus
Нота,rus
Нотка,rus
Нэська,rus
Нафеша,rus
Неко-тян,rus
Непоседа,rus
Нерида,rus
Оливия,rus
Офелия,rus
Окси,rus
Огонек,rus
Оливка,rus
Одри,rus
Ося,rus
Орхидея,rus
Олли,rus
Оззи,rus
Олисия,rus
Огнеша,rus
Олимпия,rus
Оджи,rus
Олинда,rus
Оза,rus
Ольвия,rus
Оника,rus
Огнелапка,rus
Одиссея,rus
Оливиа,rus
Онитта,rus
Орнелла,rus
Остролистая,rus
Омега,rus
Офа,rus
Оладушка,rus
Орнетта,rus
Остролапка,rus
Олина,rus
Омалия,rus
Офина,rus
Огняша,rus
Окелани,rus
Оланна,rus
Персик,rus
Пуся,rus
Принцесса,rus
Пушинка,rus
Плюшка,rus
Пуська,rus
Пуша,rus
Плюша,rus
Пума,rus
Пантера,rus
Пёрышко,rus
Пятнышко,rus
Полночь,rus
Пуля,rus
Пушильда,rus
Пуговка,rus
Пандора,rus
Перси,rus
Пани,rus
Павлинка,rus
Понка,rus
Пенелопа,rus
Пуня,rus
Пикси,rus
Пепелинка,rus
Персея,rus
Пинки,rus
Плюха,rus
Поли,rus
Памела,rus
Пельмешка,rus
Пятнашка,rus
Патти,rus
Полина,rus
Пушка,rus
Пэрис,rus
Пайпер,rus
Пусечка,rus
Пышка,rus
Панда,rus
Пестролистая,rus
Полли,rus
Пуси,rus
Пуффи,rus
Пчелка,rus
Персия,rus
Прелесть,rus
Пульхерия Львовна,rus
Пенка,rus
Перса,rus
Петра,rus
Поночка,rus
Проша,rus
Пумка,rus
Патрисия,rus
Патрисия Кисс,rus
Патриция,rus
Пипа,rus
Паппи,rus
Пепелюшка,rus
Персефона,rus
Персида,rus
Персюша,rus
Полюшка,rus
Помпея,rus
Пэппи,rus
Паня,rus
Пеструшка,rus
Полька,rus
Пузяка,rus
Панта,rus
Пенилопа,rus
Петровна,rus
Петти,rus
Поленька,rus
Полумна,rus
Помпуша,rus
Прада,rus
Прима,rus
Пузя,rus
Пупсик,rus
Пуха,rus
Пушина,rus
Пятнушка,rus
Пальмира,rus
Пампуся,rus
Пампушка,rus
Пани Зося,rus
Пантера Леопардовна,rus
Рокси,rus
Рыся,rus
Рыська,rus
Роза,rus
Рысь,rus
Райна,rus
Рикки,rus
Руся,rus
Розали,rus
Рита,rus
Рада,rus
Руна,rus
Ромашка,rus
Риччи,rus
Роззи,rus
Руби,rus
Рошель,rus
Рэсси,rus
Райли,rus
Роксолана,rus
Рафаэлка,rus
Рианна,rus
Рамина,rus
Руська,rus
Радость,rus
Ренесми,rus
Рапунцель,rus
Рейчел,rus
Розалли,rus
Росси,rus
Русалка,rus
Рыжка,rus
Рыжулька,rus
Райла,rus
Решка,rus
Рикка,rus
Роня,rus
Рубби,rus
Рута,rus
Рыжуля,rus
Рысенька,rus
Рюша,rus
Раис,rus
Ребекка,rus
Рика,rus
Розалия,rus
Рона,rus
Росинка,rus
Роуз,rus
Рыжая,rus
Рыжинка,rus
Рэнесми,rus
Рэси,rus
Ресси,rus
Риана,rus
Ромми,rus
Рузана,rus
Руфи,rus
Рыжуня,rus
Рыжуха,rus
Разоли,rus
Райда,rus
Ралли,rus
Редиска,rus
Ремина,rus
Сима,rus
Соня,rus
Симка,rus
Снежка,rus
Стеша,rus
Софи,rus
Сонечка,rus
Снежа,rus
Сара,rus
Сабрина,rus
Симочка,rus
Снежинка,rus
Симона,rus
Сайли,rus
Сакура,rus
Сильва,rus
Симба,rus
София,rus
Сафи,rus
Сандра,rus
Сенди,rus
Сьюзи,rus
Стася,rus
Сметанка,rus
Стейси,rus
Салли,rus
Серафима,rus
Серебрянка,rus
Снежок,rus
Сапфира,rus
Софья,rus
Стешка,rus
Стелла,rus
Сабина,rus
Санта,rus
Скарлет,rus
Сэнди,rus
Сати,rus
Солнышко,rus
Сая,rus
Стэйси,rus
Селена,rus
Сюззи,rus
Санни,rus
Саюри,rus
Софочка,rus
Сильвия,rus
Сиппо,rus
Стефани,rus
Сэмми,rus
Синеглазка,rus
Саманта,rus
Саффи,rus
Сия,rus
Сушка,rus
Серолапка,rus
Сиель,rus
Симоня,rus
Сирена,rus
Саня,rus
Смурфета,rus
Стесси,rus
Симпатяшка,rus
Софка,rus
Сплюшка,rus
Стэсси,rus
Сараби,rus
Сильвана,rus
Стела,rus
Стефания,rus
Стеффани,rus
Синди,rus
Солнце,rus
Сония,rus
Сонни,rus
Стаси,rus
Самбука,rus
Сосисочка,rus
Субара,rus
Сэтти,rus
Сюзана,rus
Саяна,rus
Сейлор Мун,rus
Серена,rus
Сиама,rus
Таша,rus
Тася,rus
Тиша,rus
Тишка,rus
Тося,rus
Туся,rus
Тигра,rus
Тина,rus
Тэнси,rus
Таська,rus
Тиффани,rus
Триша,rus
Тайра,rus
Тигруля,rus
Тэффи,rus
Тоська,rus
Тэсси,rus
Токи,rus
Тучка,rus
Тесси,rus
Тиа,rus
Тутси,rus
Таня,rus
Татоша,rus
Тори,rus
Тая,rus
Тесса,rus
Тесс,rus
Тэсла,rus
Тесла,rus
Тэрри,rus
Тяпа,rus
Тара,rus
Тиграшка,rus
Трейси,rus
Тэя,rus
Тереза,rus
Тери,rus
Тимми,rus
Тасси,rus
Тейла,rus
Тейси,rus
Тигрица,rus
Тикки,rus
Тинка,rus
Тэсса,rus
Тайя,rus
Теона,rus
Тиви,rus
Тиграша,rus
Тома,rus
Торика,rus
Тринити,rus
Тути,rus
Тэкила,rus
Таис,rus
Тайна,rus
Текила,rus
Тора,rus
Тотти,rus
Табби,rus
Табоська,rus
Тайга,rus
Тайша,rus
Талиса,rus
Танита,rus
Татти,rus
Таффи,rus
Тенька,rus
Терра,rus
Терри,rus
Тиана,rus
Тибби,rus
Тиграна,rus
Тиля,rus
Тимона,rus
Тисса,rus
Тифа,rus
Тришка,rus
Тюша,rus
Тама,rus
Тамилла,rus
Татоська,rus
Твинки,rus
Тилли,rus
Тимаша,rus
Торпеда,rus
Тотоша,rus
Трешка,rus
Тритини,rus
Тьма,rus
Тяма,rus
Талифа,rus
Тамаки,rus
Тарапунька,rus
Тасиния,rus
Твикси,rus
Темная Звезда,rus
Тера,rus
Тесста,rus
Тигрера,rus
Тигриса,rus
Тиффи,rus
Тихония,rus
Томас,rus
Томириана,rus
Топи,rus
Триана,rus
Триш,rus
Троя,rus
Тюмма,rus
Табасаму,rus
Таисия,rus
Таки,rus
Тамася,rus
Умка,rus
Уля,rus
Ума,rus
Урсула,rus
Удача,rus
Улыбка,rus
Ури,rus
Уся,rus
Уня,rus
Ульяна,rus
Уна,rus
Ульянка,rus
Умма,rus
Умняша,rus
Услада,rus
Ульма,rus
Уфка,rus
Улька,rus
Урса,rus
Уська,rus
Уника,rus
Улисса,rus
Умница,rus
Урсана,rus
Устяша,rus
Утя,rus
Ушка,rus
Уайра,rus
Угга,rus
Уилл,rus
Ума-умочка,rus
Умбрелла,rus
Ундина,rus
Уолли,rus
Ураганка,rus
Уэльси,rus
Уки,rus
Улита,rus
Утамару,rus
Уайти,rus
Увити,rus
Фрося,rus
Феня,rus
Фенечка,rus
Фифа,rus
Фроська,rus
Фиби,rus
Фиона,rus
Фасолька,rus
Флорис,rus
Фишка,rus
Фея,rus
Фикси,rus
Фрейя,rus
Фрида,rus
Фенька,rus
Фи-фи,rus
Фокси,rus
Фанни Флафф,rus
Фиса,rus
Фисташка,rus
Фантик,rus
Фелиция,rus
Флешка,rus
Фани,rus
Франческа,rus
Фанта,rus
Фаня,rus
Фелиса,rus
Феона,rus
Феликс,rus
Фортуна,rus
Фима,rus
Фуся,rus
Фекла,rus
Фиалка,rus
Филька,rus
Фабби,rus
Флэшка,rus
Филиция,rus
Фиска,rus
Флаффи,rus
Флея,rus
Фруся,rus
Фырка,rus
Фима Фимоновна,rus
Флори,rus
Фрея,rus
Фанни,rus
Феррера,rus
Фефочка,rus
Фике,rus
Фласка,rus
Флёра,rus
Флокса,rus
Фрикаделька,rus
Фафаня,rus
Феллис,rus
Фиерия,rus
Фиеста,rus
Филомена,rus
Флай,rus
Флафи,rus
Флоренс,rus
Флоренсия,rus
Фукси,rus
Фьяра,rus
Фэнси,rus
Фэрари,rus
Фарси,rus
Фелина,rus
Фогги,rus
Фомка,rus
Фора,rus
Фося,rus
Хлоя,rus
Хэппи,rus
Хати,rus
Хоши,rus
Хэлли,rus
Хася,rus
Холли,rus
Хулиганка,rus
Хани,rus
Хельга,rus
Хэйли,rus
Хэсси,rus
Хиса,rus
Хината,rus
Ханна,rus
Хатти,rus
Хаятэ,rus
Хайди,rus
Хартси,rus
Харизма,rus
Хейли,rus
Химера,rus
Хонда,rus
Хельса,rus
ХоХо,rus
Хруся,rus
Хабира,rus
Халиша,rus
Хана,rus
Ханга,rus
Ханни,rus
Хапка,rus
Харли,rus
Харри,rus
Хаси,rus
Хаста,rus
Хаффи,rus
Хватуля,rus
Хеля,rus
Хемилия,rus
Хенесси,rus
Хенси,rus
Хильда,rus
Хурма,rus
Хайка,rus
Хали,rus
Хамурра,rus
Ханя,rus
Хасинта,rus
Хасса,rus
Хеда,rus
Хелен,rus
Хелли,rus
Хельма,rus
Хемми,rus
Хепси,rus
Херби,rus
Хикари,rus
Хилари,rus
Хиросима,rus
Хиссетта,rus
Хищница,rus
Хорни,rus
Хоро,rus
Хошка,rus
Хризантемка,rus
Христина,rus
Хьюга,rus
Хайлин,rus
Хайна,rus
Хальфиа,rus
Халя,rus
Халява,rus
Ханка,rus
Царапка,rus
Цесса,rus
Царина,rus
Цаца,rus
Цирцея,rus
Цветик,rus
Цеся,rus
Цунами,rus
Царица,rus
Цера,rus
Цыпа,rus
Цветочек,rus
Царапуня,rus
Целеста,rus
Цапа,rus
Цеза,rus
Церри,rus
Цендана,rus
Целли,rus
Цилли,rus
Цукерка,rus
Цезария,rus
Цорция,rus
Цунаде,rus
Цилля,rus
Цензи,rus
Цико,rus
Цусима,rus
Циси,rus
Челси,rus
Чуча,rus
Чита,rus
Черри,rus
Чуня,rus
Черничка,rus
Чара,rus
Чернушка,rus
Чернышка,rus
Чика,rus
Чери,rus
Чарлиз,rus
Чесси,rus
Чарли,rus
Черника,rus
Чидори,rus
Чипса,rus
Чернуша,rus
Чикса,rus
Чипа,rus
Чаинка,rus
Чайка,rus
Чемми,rus
Чося,rus
Чандра,rus
Чародейка,rus
Челиси,rus
Чикуля,rus
Чина,rus
Чойс,rus
Чейза,rus
Челла,rus
Чикоша,rus
Чио,rus
Чича,rus
Чазета,rus
Чайна,rus
Чарита,rus
Чарми,rus
Чарси,rus
Чейси,rus
Челита,rus
Челитта,rus
Ченси,rus
Чероки,rus
Чесма,rus
Чеся,rus
Чеша,rus
Чижа,rus
Чикита,rus
Чикки,rus
Чиколетта,rus
Чилита,rus
Чинзана,rus
Чинни,rus
Чио-чио-сан,rus
Чирка,rus
Чудетта,rus
Чули,rus
Чуя,rus
Чаке,rus
Чакки,rus
Чаконка,rus
Чамба,rus
Чанга,rus
Шанель,rus
Шерри,rus
Шуня,rus
Шери,rus
Шакира,rus
Шанти,rus
Шейла,rus
Шаня,rus
Шэрри,rus
Шуша,rus
Шани,rus
Шкода,rus
Шунька,rus
Шонсе,rus
Шелли,rus
Шеба,rus
Шанэль,rus
Шоколадка,rus
Шарлота,rus
Шелби,rus
Шу-шу,rus
Шанси,rus
Шарлин,rus
Штефа,rus
Шэйла,rus
Шива,rus
Шонни,rus
Шоня,rus
Шэли,rus
Шанди,rus
Шанталь,rus
Шила,rus
Шпуля,rus
Шайна,rus
Шарлиз,rus
Шер,rus
Шэди,rus
Шая,rus
Шилла,rus
Шэна,rus
Шадэ,rus
Шелла,rus
Шпунька,rus
Шалунья,rus
Шейна,rus
Шкоди,rus
Шура,rus
Ширли,rus
Шелди,rus
Шерли,rus
Шерон,rus
Шипа,rus
Шипуня,rus
Шпулька,rus
Шуся,rus
Шушуня,rus
Шанити,rus
Шармэн,rus
Шаэль,rus
Шелька,rus
Шера,rus
Штеффи,rus
Шэгги,rus
Шарли,rus
Шеда,rus
Шекки,rus
Ши-ши,rus
Штучка,rus
Шуйка,rus
Шэки,rus
Шами,rus
Шаркиза,rus
Шармель,rus
Шаруня,rus
Шахирезада,rus
Шекли,rus
Шельма,rus
Шена,rus
Шики,rus
Шипучка,rus
Шокки,rus
Шоша,rus
Шэйди,rus
Шамба,rus
Шандора,rus
Шануар,rus
Шарки,rus
Шаузи,rus
Шахиня,rus
Шаяна,rus
Шегги,rus
Шейда,rus
Шейли,rus
Шейра,rus
Шерла,rus
Шинигами,rus
Шкодя,rus
Элис,rus
Эльза,rus
Эми,rus
Эбби,rus
Эмма,rus
Эля,rus
Эмили,rus
Элизабет,rus
Эйва,rus
Элина,rus
Эллис,rus
Эльвира,rus
Эшли,rus
Эффи,rus
Элиза,rus
Элисон,rus
Элли,rus
Эся,rus
Эйва,rus
Эсма,rus
Энжи,rus
Эйприл,rus
Эстер,rus
Эби,rus
Эвелина,rus
Эли,rus
Элька,rus
Эсми,rus
Эрика,rus
Элеанора,rus
Элеонора,rus
Элла,rus
Энелла,rus
Энжел,rus
Эни,rus
Эрин,rus
Эсси,rus
Эва,rus
Элианна,rus
Элишка,rus
Эльма,rus
Энни,rus
Эска,rus
Эста,rus
Эзольда,rus
Элана,rus
Эльвина,rus
Эльмурза,rus
Эльфа,rus
Эмилия,rus
Эндж,rus
Энигма,rus
Эра,rus
Эрра,rus
Эсме,rus
Эсфирь,rus
Эверетта,rus
Эвона,rus
Юляшка,rus
Юки,rus
Юся,rus
Юля,rus
Юта,rus
Юми,rus
Юна,rus
Юппи,rus
Юкси,rus
Юла,rus
Юкка,rus
Юша,rus
Юджи,rus
Юни,rus
Юсичка,rus
Юня,rus
Юстина,rus
Юшка,rus
Юка,rus
Юси,rus
Юста,rus
Юди,rus
Юнита,rus
Юсси,rus
Юнона,rus
Ю-Ю,rus
Юки Ко,rus
Юкимура,rus
Юм Юм,rus
Юма,rus
Юфи-юф,rus
Юшуся,rus
Юлиска,rus
Юлисса,rus
Юм-юм,rus
Яся,rus
Ягодка,rus
Яська,rus
Яна,rus
Яша,rus
Янка,rus
Ява,rus
Яшма,rus
Ясмина,rus
Ямайка,rus
Янесса,rus
Яролика,rus
Ямина,rus
Янта,rus
Яня,rus
Ямира,rus
Ясения,rus
Яра,rus
Ярослава,rus
Яска,rus
Ямаха,rus
Янита,rus
Ядвига,rus
Ялта,rus
Янушка,rus
Яснора,rus
Ярозабель,rus
Ярохвостатая,rus
Яруська,rus
Якси,rus
Якудза,rus
Яля,rus
Ямара,rus
Янжели,rus
Яниточка,rus
Януся,rus
Ярика,rus
Яриска,rus
Ярка,rus
Яркиса,rus
Ярыся,rus